username,password
u0501,gf3AMgnioeJ0
u0502,3kb4DsHwJbAE
u0503,55s3cDfD5T63
u0504,tenyyNfXDpWN
u0505,GoKQGnqpECKI
u0506,J9Mz9GZSVG0u
u0507,8VaJcZ9b73mx
u0508,1Ot6vqflc7ne
u0509,4kBoI21YykfB
u0510,9C03ik4zKuKF
u0511,Z9VvMCmHuPlb
u0512,3ieLEjVBktlT
u0513,AjKtRrEj0Sib
u0514,O8bPc4iKBrFD
u0515,4u7oeHP6cxZA
u0516,X4osM9Jscx2q
u0517,kVB4vqMLcRCc
u0518,9qgkYXIpJMXj
u0519,I9OQhRTyAehI
u0520,YKuPfjjRQphM
u0521,HeBWuW4VvjQY
u0522,wSIb6w3FUCjK
u0523,GJFTwxVH4geP
u0524,IlwExpqGFUTI
u0525,CcKUDKBnN3nr
u0526,Qtg2dixd3lHS
u0527,NbYifMf1c1Xt
u0528,mgddwNUSuMg6
u0529,5IwXL745AjJz
u0530,6JT7H2DyrO6U
u0531,vKFFL01zB3l1
u0532,uGQKivweKspl
u0533,prLNymVx5yi7
u0534,Dl5SlM8EIfHs
u0535,3mpVbqip8JyI
u0536,vWg0gqKwZ5E6
u0537,0BRII8ahZTSe
u0538,pwZ3lMw7dBwL
