username,password
u0501,2crNx1Skhyme
u0502,3ihi7a0cdgXC
u0503,f7CdVxUbdS2D
u0504,7WmoSKdZ74nW
u0505,9o0TrXupICYJ
u0506,jMgpp5fTiGbf
u0507,g97W5otaAS6L
u0508,jm2tAm9P8slI
u0509,wFhLPaTPe44g
u0510,oWGhU4R6xdoU
u0511,37Yr3qZjILNt
u0512,0s5rcEE325Pf
u0513,ivyjJRpVFLMm
u0514,vUrzq9RFVkfr
u0515,fphhVFvvu63z
u0516,I3vrstJkRMLf
u0517,N3mRrc3OgFBF
u0518,45xLt8vZMfi8
u0519,bgronRHKLuP7
u0520,06vHBo3Jl0T1
u0521,XJtug8gdjvCp
u0522,9x0aVub4KU3F
u0523,xVFXkmdCXrfy
u0524,VYBj5ABGAR8O
u0525,8GW7jXi7MCZc
u0526,OTZOKGGh56Rp
u0527,HJLuc3t8R3mn
u0528,sGZQDJF4aKBS
u0529,a7iqPnPYx0Kj
u0530,R7b0PdBD3ZxY
u0531,OxbZPnKFCas0
u0532,E7dz6WbRFRP2
u0533,bMp8XQ6WFOLZ
u0534,WqGpZpivGPx5
u0535,NhBBp8UiclIz
u0536,IYiVJwqnebZA
u0537,S6OL1fjgRi7c
u0538,bYWi4yXkFg9P
